{"IT": 0.03934509307652734, "Banking": 0.047123026421997984, "Pharmaceuticals": 0.27865932041135594, "FMCG": 0.04838413216988387, "Energy": 0.11937221384368141, "Metals": 0.09104384808122962, "Automobiles": 0.02530235980817625, "Realty": 0.043894770320545826, "Consumer Durables": 0.06930154213509802}