{"predicted_volatility": {"IT": 0.08486442830661936, "Banking": 0.04923847585965408, "Pharmaceuticals": 0.12087540017914929, "FMCG": 0.20218052856631596, "Energy": 0.1013326840807788, "Metals": 0.05503573285642124, "Automobiles": 0.21683382410391555, "Realty": 0.05894810678025967, "Consumer Durables": 0.1106908192668861}, "actual_volatility": {"IT": 0.08656149166485978, "Banking": 0.2352085047152983, "Pharmaceuticals": 0.0011565534400577865, "FMCG": 0.06623517040874737, "Energy": 0.10072877305135863, "Metals": 0.07416571998661828, "Automobiles": 0.17089285497408327, "Realty": 0.0383529222158428, "Consumer Durables": 0.22669800954313388}}